{
    "cellsize": 1056964608,
    "encoding": "Hilbert",
    "height": 1000,
    "max": 95.55999755859375,
    "min": 89.11000061035156,
    "type": "dem",
    "width": 1000
}
